frequency,target_ampl,weight
100.0,1.0,1.0
100.69555500567189,0.9999995934513195,1.0
101.39594797900293,0.9999991812287092,1.0
102.10121257071934,0.9999987632530012,1.0
102.81138266560667,0.9999983394439215,1.0
103.52649238413778,0.999997909720077,1.0
104.24657608411218,0.9999974739989405,1.0
104.97166836230677,0.9999970321968327,1.0
105.70180405613809,0.9999965842289075,1.0
106.43701824533605,0.999996130009136,1.0
107.17734625362938,0.9999956694502893,1.0
107.9228236504428,0.9999952024639224,1.0
108.6734862526059,0.9999947289603559,1.0
109.42937012607405,0.9999942488486606,1.0
110.19051158766118,0.9999937620366403,1.0
110.95694720678462,0.9999932684308107,1.0
111.72871380722212,0.9999927679363863,1.0
112.50584846888107,0.9999922604572582,1.0
113.28838852958,0.9999917458959785,1.0
114.07637158684251,0.99999122415374,1.0
114.86983549970365,0.9999906951303579,1.0
115.66881839052891,0.9999901587242499,1.0
116.47335864684577,0.9999896148324189,1.0
117.28349492318807,0.9999890633504294,1.0
118.09926614295324,0.9999885041723923,1.0
118.92071150027232,0.9999879371909399,1.0
119.74787046189309,0.9999873622972092,1.0
120.58078276907628,0.9999867793808189,1.0
121.41948843950493,0.9999861883298486,1.0
122.2640277692071,0.9999855890308176,1.0
123.11444133449189,0.9999849813686633,1.0
123.97076999389893,0.999984365226719,1.0
124.83305489016148,0.9999837404866916,1.0
125.70133745218313,0.9999831070286387,1.0
126.5756593970283,0.9999824647309465,1.0
127.45606273192654,0.9999818134703051,1.0
128.34258975629075,0.9999811531216866,1.0
129.23528306374956,0.9999804835583193,1.0
130.1341855441937,0.9999798046516655,1.0
131.03934038583668,0.999979116271395,1.0
131.95079107728978,0.9999784182853609,1.0
132.8685814096515,0.9999777105595753,1.0
133.79275547861158,0.9999769929581827,1.0
134.72335768656941,0.9999762653434328,1.0
135.6604327447676,0.9999755275756567,1.0
136.60402567543997,0.9999747795132393,1.0
137.5541818139748,0.99997402101259,1.0
138.5109468110929,0.9999732519281193,1.0
139.47436663504098,0.9999724721122071,1.0
140.44448757380016,0.9999716814151764,1.0
141.42135623730996,0.9999708796852655,1.0
142.40501955970765,0.9999700667685971,1.0
143.39552480158324,0.9999692425091492,1.0
144.39291955225013,0.9999684067487266,1.0
145.3972517320316,0.999967559326929,1.0
146.40856959456312,0.9999667000811223,1.0
147.42692172911072,0.9999658288464052,1.0
148.45235706290552,0.9999649454555797,1.0
149.48492486349446,0.9999640497391175,1.0
150.52467474110736,0.9999631415251293,1.0
151.57165665104046,0.9999622206393305,1.0
152.62592089605658,0.999961286905009,1.0
153.6875181288019,0.9999603401429901,1.0
154.75649935423968,0.9999593801716031,1.0
155.8329159321007,0.9999584068066486,1.0
156.91681957935089,0.9999574198613588,1.0
158.0082623726762,0.9999564191463655,1.0
159.10729675098452,0.9999554044696627,1.0
160.2139755179252,0.9999543756365699,1.0
161.32835184442607,0.9999533324496956,1.0
162.45047927124793,0.999952274708899,1.0
163.58041171155708,0.9999512022112509,1.0
164.71820345351549,0.9999501147509968,1.0
165.86390916288923,0.9999490121195174,1.0
167.01758388567478,0.9999478941052867,1.0
168.17928305074383,0.9999467604938348,1.0
169.34906247250638,0.9999456110677037,1.0
170.5269783535923,0.9999444456064092,1.0
171.71308728755173,0.9999432638863953,1.0
172.90744626157402,0.9999420656809951,1.0
174.11011265922582,0.9999408507603839,1.0
175.32114426320803,0.9999396188915393,1.0
176.540599258132,0.9999383698381933,1.0
177.7685362333151,0.9999371033607898,1.0
179.00501418559557,0.999935819216437,1.0
180.25009252216717,0.9999345171588627,1.0
181.5038310634333,0.9999331969383661,1.0
182.76629004588125,0.9999318583017718,1.0
184.03753012497617,0.9999305009923787,1.0
185.31761237807535,0.9999291247499151,1.0
186.60659830736267,0.9999277293104853,1.0
187.90454984280356,0.9999263144065225,1.0
189.2115293451204,0.9999248797667345,1.0
190.5275996087887,0.9999234251160557,1.0
191.85282386505412,0.9999219501755922,1.0
193.18726578497038,0.9999204546625694,1.0
194.5309894824584,0.999918938290278,1.0
195.8840595173867,0.9999174007680207,1.0
197.24654089867317,0.9999158418010549,1.0
198.61849908740854,0.9999142610905379,1.0
200.0000000000014,0.9999126583334695,1.0
201.39111001134518,0.9999110332226354,1.0
202.79189595800727,0.9999093854465476,1.0
204.20242514144013,0.9999077146893853,1.0
205.62276533121482,0.9999060206309349,1.0
207.05298476827704,0.9999043029465305,1.0
208.49315216822583,0.9999025613069906,1.0
209.94333672461502,0.9999007953785553,1.0
211.40360811227768,0.9998990048228246,1.0
212.8740364906736,0.9998971892966922,1.0
214.3546925072603,0.9998953484522827,1.0
215.84564730088712,0.9998934819368823,1.0
217.34697250521333,0.9998915893928753,1.0
218.85874025214963,0.9998896704576739,1.0
220.3810231753239,0.9998877247636494,1.0
221.91389441357077,0.999885751938064,1.0
223.4574276144458,0.9998837516029992,1.0
225.01169693776373,0.9998817233752837,1.0
226.5767770591616,0.9998796668664212,1.0
228.15274317368664,0.999877581682516,1.0
229.73967099940896,0.9998754674242005,1.0
231.33763678105947,0.9998733236865566,1.0
232.94671729369318,0.9998711500590409,1.0
234.56698984637782,0.9998689461254062,1.0
236.1985322859082,0.9998667114636232,1.0
237.84142300054634,0.9998644456457991,1.0
239.4957409237879,0.999862148238099,1.0
241.1615655381543,0.9998598188006614,1.0
242.83897687901162,0.9998574568875164,1.0
244.528055538416,0.9998550620465003,1.0
246.2288826689856,0.9998526338191719,1.0
247.94153998779967,0.9998501717407223,1.0
249.66610978032477,0.9998476753398916,1.0
251.4026749043681,0.9998451441388759,1.0
253.15131879405845,0.9998425776532385,1.0
254.91212546385492,0.9998399753918181,1.0
256.6851795125834,0.9998373368566379,1.0
258.470566127501,0.9998346615428075,1.0
260.2683710883893,0.9998319489384316,1.0
262.0786807716753,0.9998291985245109,1.0
263.90158215458155,0.9998264097748447,1.0
265.73716281930507,0.999823582155932,1.0
267.5855109572252,0.999820715126871,1.0
269.4467153731409,0.9998178081392564,1.0
271.32086548953725,0.999814860637076,1.0
273.20805135088204,0.9998118720566068,1.0
275.10836362795175,0.9998088418263074,1.0
277.021893622188,0.9998057693667115,1.0
278.9487332700842,0.9998026540903184,1.0
280.8889751476026,0.9997994954014824,1.0
282.8427124746222,0.9997962926962999,1.0
284.8100391194176,0.9997930453624969,1.0
286.79104960316874,0.9997897527793138,1.0
288.78583910450254,0.9997864143173867,1.0
290.7945034640655,0.9997830293386321,1.0
292.8171391891285,0.9997795971961249,1.0
294.8538434582237,0.9997761172339764,1.0
296.9047141258133,0.999772588787214,1.0
298.96984972699124,0.9997690111816521,1.0
301.04934948221705,0.9997653837337697,1.0
303.1433133020833,0.9997617057505792,1.0
305.25184179211556,0.9997579765294976,1.0
307.37503625760627,0.9997541953582146,1.0
309.5129987084818,0.9997503615145594,1.0
311.6658318642038,0.9997464742663646,1.0
313.8336391587042,0.9997425328713297,1.0
316.01652474535484,0.9997385365768818,1.0
318.2145935019715,0.999734484620034,1.0
320.4279510358529,0.9997303762272448,1.0
322.65670368885463,0.9997262106142711,1.0
324.90095854249836,0.9997219869860225,1.0
327.16082342311665,0.9997177045364127,1.0
329.43640690703353,0.999713362448209,1.0
331.727818325781,0.9997089598928793,1.0
334.0351677713521,0.9997044960304377,1.0
336.3585661014902,0.9996999700092872,1.0
338.6981249450153,0.9996953809660628,1.0
341.0539567071872,0.9996907280254668,1.0
343.4261745751061,0.9996860103001101,1.0
345.8148925231507,0.9996812268903429,1.0
348.22022531845437,0.9996763768840902,1.0
350.6422885264188,0.9996714593566802,1.0
353.08119851626674,0.9996664733706733,1.0
355.53707246663294,0.9996614179756866,1.0
358.01002837119387,0.9996562922082188,1.0
360.50018504433706,0.9996510950914699,1.0
363.0076621268694,0.9996458256351609,1.0
365.53258009176534,0.9996404828353485,1.0
368.07506024995524,0.9996350656742403,1.0
370.6352247561536,0.9996295731200061,1.0
373.2131966147283,0.9996240041265848,1.0
375.80909968561014,0.9996183576334936,1.0
378.42305869024386,0.9996126325656286,1.0
381.05519921758054,0.9996068278330683,1.0
383.7056477301114,0.9996009423308706,1.0
386.37453156994394,0.9995949749388693,1.0
389.06197896492,0.9995889245214672,1.0
391.7681190347766,0.9995827899274252,1.0
394.4930817973496,0.9995765699896515,1.0
397.23699817482037,0.9995702635249866,1.0
400.0000000000061,0.9995638693339821,1.0
402.78222002269365,0.9995573862006847,1.0
405.58379191601784,0.9995508128924079,1.0
408.40485028288356,0.9995441481595073,1.0
411.24553066243294,0.9995373907351522,1.0
414.10596953655744,0.9995305393350886,1.0
416.9863043364551,0.9995235926574086,1.0
419.8866734492335,0.9995165493823073,1.0
422.80721622455883,0.9995094081718431,1.0
425.74807298135073,0.9995021676696916,1.0
428.7093850145241,0.9994948265008984,1.0
431.6912946017778,0.999487383271625,1.0
434.6939450104303,0.9994798365688969,1.0
437.71748050430296,0.9994721849603434,1.0
440.76204635065153,0.9994644269939369,1.0
443.82778882714535,0.9994565611977271,1.0
446.9148552288954,0.9994485860795741,1.0
450.02339387553127,0.9994405001268749,1.0
453.15355411832707,0.9994323018062893,1.0
456.30548634737715,0.9994239895634598,1.0
459.4793419988218,0.9994155618227311,1.0
462.67527356212287,0.9994070169868602,1.0
465.89343458739035,0.999398353436731,1.0
469.1339796927596,0.9993895695310572,1.0
472.39706457182035,0.999380663606087,1.0
475.6828460010967,0.9993716339753016,1.0
478.99148184757985,0.9993624789291082,1.0
482.3231310763126,0.9993531967345345,1.0
485.6779537580273,0.9993437856349126,1.0
489.05611107683603,0.9993342438495646,1.0
492.4577653379752,0.9993245695734798,1.0
495.88307997560344,0.9993147609769906,1.0
499.3322195606537,0.999304816205444,1.0
502.80534980874035,0.9992947333788662,1.0
506.3026375881211,0.9992845105916284,1.0
509.8242509277141,0.9992741459121013,1.0
513.3703590251711,0.9992636373823117,1.0
516.9411322550064,0.9992529830175912,1.0
520.536742176783,0.9992421808062211,1.0
524.157361543355,0.9992312287090725,1.0
527.8031643091675,0.9992201246592444,1.0
531.4743256386146,0.9992088665616933,1.0
535.1710219144549,0.9991974522928613,1.0
538.8934307462863,0.9991858797002983,1.0
542.6417309790791,0.9991741466022782,1.0
546.4161027017686,0.9991622507874152,1.0
550.216727255908,0.9991501900142676,1.0
554.0437872443805,0.9991379620109443,1.0
557.8974665401729,0.9991255644747019,1.0
561.7779502952097,0.999112995071538,1.0
565.685424949249,0.9991002514357784,1.0
569.6200782388397,0.9990873311696634,1.0
573.582099206342,0.999074231842923,1.0
577.5716782090096,0.9990609509923518,1.0
581.5890069281355,0.9990474861213755,1.0
585.6342783782616,0.9990338346996136,1.0
589.707686916452,0.9990199941624385,1.0
593.8094282516313,0.9990059619105235,1.0
597.9396994539871,0.9989917353093936,1.0
602.0986989644388,0.9989773116889631,1.0
606.2866266041713,0.998962688343072,1.0
610.5036835842358,0.9989478625290167,1.0
614.7500725152172,0.9989328314670729,1.0
619.0259974169684,0.9989175923400142,1.0
623.3316637284124,0.9989021422926257,1.0
627.6672783174132,0.9988864784312104,1.0
632.0330494907145,0.9988705978230895,1.0
636.4291870039478,0.998854497496099,1.0
640.8559020717107,0.9988381744380773,1.0
645.3134073777143,0.9988216255963501,1.0
649.8019170850018,0.9988048478772062,1.0
654.3216468462384,0.9987878381453684,1.0
658.8728138140722,0.9987705932234592,1.0
663.4556366515671,0.9987531098914589,1.0
668.0703355427095,0.9987353848861585,1.0
672.7171322029858,0.9987174149006037,1.0
677.3962498900361,0.9986991965835381,1.0
682.1079134143798,0.9986807265388314,1.0
686.8523491502176,0.9986620013249112,1.0
691.6297850463069,0.9986430174541792,1.0
696.4404506369142,0.9986237713924272,1.0
701.2845770528431,0.9986042595582424,1.0
706.1623970325392,0.9985844783224084,1.0
711.0741449332716,0.9985644240072977,1.0
716.0200567423935,0.9985440928862606,1.0
721.0003700886799,0.9985234811830022,1.0
726.0153242537446,0.998502585070957,1.0
731.0651601835365,0.9984814006726542,1.0
736.1501204999163,0.9984599240590772,1.0
741.2704495123131,0.9984381512490152,1.0
746.4263932294625,0.9984160782084076,1.0
751.6181993712262,0.9983937008496829,1.0
756.8461173804936,0.998371015031088,1.0
762.110398435167,0.9983480165560128,1.0
767.4112954602288,0.9983247011723044,1.0
772.7490631398939,0.9983010645715785,1.0
778.123957929846,0.9982771023885189,1.0
783.5362380695593,0.9982528102001718,1.0
788.9861635947053,0.9982281835252323,1.0
794.4739963496469,0.9982032178233254,1.0
800.0000000000183,0.9981779084942753,1.0
805.5644400453936,0.9981522508773705,1.0
811.167583832042,0.9981262402506206,1.0
816.8097005657735,0.9980998718300051,1.0
822.4910613248722,0.9980731407687152,1.0
828.2119390731212,0.9980460421563865,1.0
833.9726086729165,0.9980185710183253,1.0
839.7733468984734,0.9979907223147282,1.0
845.614432449124,0.9979624909398908,1.0
851.4961459627078,0.9979338717214121,1.0
857.4187700290546,0.997904859419388,1.0
863.382589203562,0.9978754487256004,1.0
869.387890020867,0.9978456342626942,1.0
875.4349610086123,0.9978154105833511,1.0
881.5240927013094,0.9977847721694528,1.0
887.6555776542971,0.9977537134312362,1.0
893.8297104577972,0.9977222287064408,1.0
900.0467877510689,0.9976903122594519,1.0
906.3071082366605,0.9976579582804294,1.0
912.6109726947607,0.997625160884434,1.0
918.95868399765,0.9975919141105443,1.0
925.3505471242522,0.9975582119209637,1.0
931.7868691747872,0.9975240482001226,1.0
938.2679593855257,0.9974894167537719,1.0
944.7941291436472,0.9974543113080662,1.0
951.3656920021999,0.9974187255086435,1.0
957.9829636951662,0.9973826529196934,1.0
964.6462621526318,0.9973460870230199,1.0
971.3559075160613,0.9973090212170946,1.0
978.1122221536789,0.9972714488161039,1.0
984.9155306759574,0.9972333630489879,1.0
991.7661599512138,0.9971947570584718,1.0
998.6644391213143,0.997155623900089,1.0
1005.6106996174877,0.9971159565411971,1.0
1012.6052751762493,0.9970757478599882,1.0
1019.6485018554353,0.9970349906444886,1.0
1026.7407180503492,0.9969936775915537,1.0
1033.88226451002,0.9969518013058545,1.0
1041.0734843535733,0.9969093542988581,1.0
1048.3147230867173,0.9968663289877993,1.0
1055.6063286183423,0.9968227176946455,1.0
1062.9486512772364,0.9967785126450585,1.0
1070.342043828917,0.9967337059673428,1.0
1077.7868614925799,0.9966882896913921,1.0
1085.2834619581654,0.9966422557476298,1.0
1092.8322054035445,0.9965955959659372,1.0
1100.4334545118234,0.9965483020745837,1.0
1108.0875744887685,0.9965003656991428,1.0
1115.7949330803533,0.9964517783614089,1.0
1123.555900590427,0.9964025314783016,1.0
1131.3708498985056,0.9963526163607708,1.0
1139.2401564776874,0.9963020242126915,1.0
1147.1641984126923,0.9962507461297541,1.0
1155.1433564180275,0.9961987730983518,1.0
1163.1780138562792,0.9961460959944604,1.0
1171.2685567565313,0.9960927055825142,1.0
1179.4153738329123,0.9960385925142774,1.0
1187.618856503271,0.9959837473277111,1.0
1195.8793989079827,0.9959281604458359,1.0
1204.1973979288862,0.9958718221755906,1.0
1212.5732532083512,0.9958147227066868,1.0
1221.0073671684804,0.9957568521104624,1.0
1229.5001450304433,0.9956982003387276,1.0
1238.0519948339456,0.9956387572226125,1.0
1246.6633274568337,0.9955785124714099,1.0
1255.3345566348355,0.9955174556714153,1.0
1264.066098981438,0.9954555762847671,1.0
1272.8583740079048,0.9953928636482825,1.0
1281.7118041434305,0.995329306972295,1.0
1290.6268147554376,0.9952648953394893,1.0
1299.6038341700128,0.9951996177037343,1.0
1308.6432936924862,0.9951334628889211,1.0
1317.7456276281537,0.9950664195877943,1.0
1326.9112733031438,0.9949984763607898,1.0
1336.1406710854285,0.9949296216348709,1.0
1345.4342644059811,0.994859843702366,1.0
1354.7924997800817,0.9947891307198095,1.0
1364.2158268287694,0.9947174707067853,1.0
1373.704698300445,0.9946448515447708,1.0
1383.2595700926236,0.994571260975988,1.0
1392.8809012738382,0.9944966866022569,1.0
1402.569154105696,0.9944211158838522,1.0
1412.324794065088,0.9943445361383694,1.0
1422.1482898665531,0.9942669345395915,1.0
1432.040113484797,0.994188298116365,1.0
1442.00074017737,0.994108613751484,1.0
1452.0306485074993,0.9940278681805793,1.0
1462.1303203670832,0.9939460479910182,1.0
1472.3002409998428,0.9938631396208113,1.0
1482.5408990246365,0.9937791293575312,1.0
1492.8527864589353,0.99369400333724,1.0
1503.2363987424626,0.9936077475434298,1.0
1513.6922347609977,0.9935203478059734,1.0
1524.2207968703444,0.9934317898000901,1.0
1534.822590920468,0.9933420590453228,1.0
1545.4981262797983,0.9932511409045327,1.0
1556.2479158597027,0.9931590205829067,1.0
1567.0724761391293,0.9930656831269822,1.0
1577.9723271894215,0.9929711134236924,1.0
1588.9479926993047,0.9928752961994228,1.0
1600.0000000000477,0.9927782160190964,1.0
1611.1288800907982,0.9926798572852711,1.0
1622.3351676640953,0.992580204237262,1.0
1633.6194011315583,0.9924792409502894,1.0
1644.982122649756,0.9923769513346447,1.0
1656.423878146254,0.9922733191348846,1.0
1667.9452173458449,0.992168327929052,1.0
1679.5466937969588,0.9920619611279213,1.0
1691.2288648982603,0.9919542019742761,1.0
1702.992291925428,0.9918450335422127,1.0
1714.8375400581217,0.9917344387364789,1.0
1726.7651784071365,0.9916224002918427,1.0
1738.7757800417464,0.9915089007724951,1.0
1750.8699220172373,0.9913939225714904,1.0
1763.0481854026316,0.9912774479102219,1.0
1775.3111553086069,0.9911594588379359,1.0
1787.6594209156074,0.9910399372312862,1.0
1800.093575502151,0.9909188647939314,1.0
1812.6142164733342,0.9907962230561738,1.0
1825.2219453895348,0.9906719933746441,1.0
1837.9173679953135,0.9905461569320326,1.0
1850.7010942485178,0.9904186947368708,1.0
1863.5737383495878,0.9902895876233594,1.0
1876.535918771065,0.9901588162512525,1.0
1889.5882582873082,0.9900263611057948,1.0
1902.731384004414,0.9898922024977131,1.0
1915.9659273903467,0.9897563205632692,1.0
1929.292524305278,0.9896186952643704,1.0
1942.7118150321369,0.9894793063887439,1.0
1956.224444307372,0.9893381335501749,1.0
1969.831061351929,0.9891951561888113,1.0
1983.5323199024422,0.9890503535715391,1.0
1997.3288782426434,0.9889037047924273,1.0
2011.2213992349903,0.9887551887732478,1.0
2025.2105503525133,0.9886047842640692,1.0
2039.2970037108855,0.9884524698439335,1.0
2053.4814361007134,0.9882982239216104,1.0
2067.764529020055,0.9881420247364359,1.0
2082.1469687071617,0.9879838503592404,1.0
2096.6294461734497,0.9878236786933606,1.0
2111.2126572366997,0.9876614874757499,1.0
2125.897302554488,0.9874972542781778,1.0
2140.6840876578494,0.9873309565085326,1.0
2155.573722985175,0.9871625714122189,1.0
2170.5669239163467,0.9869920760736635,1.0
2185.664410807105,0.986819447417927,1.0
2200.8669090236626,0.9866446622124256,1.0
2216.175148977553,0.9864676970687637,1.0
2231.5898661607225,0.9862885284446875,1.0
2247.11180118087,0.9861071326461548,1.0
2262.741699797027,0.9859234858295304,1.0
2278.4803129553907,0.9857375640039073,1.0
2294.3283968254004,0.9855493430335591,1.0
2310.2867128360713,0.9853587986405257,1.0
2326.3560277125753,0.985165906407337,1.0
2342.53711351308,0.9849706417798794,1.0
2358.830747665842,0.9847729800704055,1.0
2375.2377130065593,0.9845728964606957,1.0
2391.7587978159827,0.9843703660053704,1.0
2408.3947958577896,0.9841653636353626,1.0
2425.1465064167196,0.9839578641615493,1.0
2442.014734336978,0.9837478422785503,1.0
2459.000290060904,0.9835352725686977,1.0
2476.1039896679085,0.983320129506177,1.0
2493.326654913685,0.9831023874613496,1.0
2510.6691132696888,0.982882020705259,1.0
2528.132197962894,0.9826590034143216,1.0
2545.7167480158278,0.9824333096752148,1.0
2563.4236082868792,0.9822049134899578,1.0
2581.2536295108935,0.9819737887811985,1.0
2599.2076683400437,0.9817399093977042,1.0
2617.2865873849905,0.9815032491200676,1.0
2635.491255256326,0.9812637816666258,1.0
2653.8225466063063,0.9810214806996049,1.0
2672.2813421708756,0.9807763198314917,1.0
2690.868528811981,0.9805282726316338,1.0
2709.584999560182,0.9802773126330846,1.0
2728.4316536575575,0.9800234133396846,1.0
2747.409396600909,0.9797665482333959,1.0
2766.5191401852667,0.9795066907818906,1.0
2785.7618025476963,0.9792438144463967,1.0
2805.138308211412,0.9789778926898131,1.0
2824.649588130196,0.9787088989850926,1.0
2844.2965797331262,0.9784368068239053,1.0
2864.080226969614,0.9781615897255816,1.0
2884.00148035476,0.9778832212463495,1.0
2904.061297015019,0.9776016749888615,1.0
2924.2606407341873,0.9773169246120257,1.0
2944.600481999707,0.9770289438411449,1.0
2965.0817980492943,0.9767377064783678,1.0
2985.7055729178924,0.9764431864134607,1.0
3006.4727974849475,0.976145357634906,1.0
3027.3844695220178,0.9758441942413327,1.0
3048.4415937407116,0.9755396704532868,1.0
3069.645181840959,0.9752317606253468,1.0
3090.9962525596197,0.9749204392585927,1.0
3112.4958317194287,0.974605681013432,1.0
3134.144952278282,0.9742874607227942,1.0
3155.9446543788663,0.9739657534056939,1.0
3177.895985398633,0.9736405342811765,1.0
3200.000000000119,0.9733117787826493,1.0
3222.2577601816206,0.9729794625726029,1.0
3244.6703353282146,0.9726435615577351,1.0
3267.2388022631408,0.9723040519044815,1.0
3289.9642452995363,0.9719609100549577,1.0
3312.8477562925327,0.9716141127433237,1.0
3335.8904346917143,0.9712636370125759,1.0
3359.093387593942,0.9709094602317745,1.0
3382.457729796545,0.9705515601137109,1.0
3405.984583850881,0.9701899147330256,1.0
3429.6750801162684,0.9698245025447835,1.0
3453.5303568142986,0.9694553024035076,1.0
3477.551560083519,0.9690822935826912,1.0
3501.7398440345005,0.9687054557947777,1.0
3526.0963708052896,0.9683247692116355,1.0
3550.6223106172406,0.9679402144855169,1.0
3575.3188418312416,0.9675517727705201,1.0
3600.187151004329,0.9671594257445557,1.0
3625.2284329466956,0.9667631556318301,1.0
3650.443890779097,0.9663629452258439,1.0
3675.8347359906543,0.9659587779129233,1.0
3701.4021884970634,0.9655506376962839,1.0
3727.1474766992037,0.965138509220637,1.0
3753.0718375421584,0.9647223777973454,1.0
3779.1765165746447,0.9643022294301343,1.0
3805.462768008856,0.9638780508413668,1.0
3831.9318547807216,0.9634498294988889,1.0
3858.5850486105846,0.9630175536434519,1.0
3885.4236300643024,0.9625812123167188,1.0
3912.448888614773,0.9621407953898614,1.0
3939.6621227038872,0.9616962935927558,1.0
3967.0646398049134,0.961247698543783,1.0
3994.657756485316,0.9607950027802385,1.0
4022.44279847001,0.9603381997893631,1.0
4050.4211007050567,0.9598772840399964,1.0
4078.594007421801,0.9594122510148625,1.0
4106.962872201457,0.9589430972434925,1.0
4135.52905804014,0.9584698203357923,1.0
4164.293937414353,0.957992419016261,1.0
4193.25889234693,0.9575108931588653,1.0
4222.425314473431,0.9570252438225786,1.0
4251.794605109008,0.9565354732875885,1.0
4281.368175315732,0.9560415850921806,1.0
4311.147445970383,0.9555435840703033,1.0
4341.133847832726,0.9550414763898216,1.0
4371.328821614244,0.9545352695914632,1.0
4401.73381804736,0.9540249726284641,1.0
4432.35029795514,0.9535105959069218,1.0
4463.1797323214805,0.9529921513268563,1.0
4494.223602361776,0.9524696523239912,1.0
4525.483399594091,0.9519431139122543,1.0
4556.960625910818,0.9514125527270091,1.0
4588.656793650837,0.950877987069017,1.0
4620.573425672179,0.950339436949141,1.0
4652.712055425187,0.9497969241337924,1.0
4685.074227026196,0.9492504721911281,1.0
4717.66149533172,0.9487001065380032,1.0
4750.475426013155,0.948145854487684,1.0
4783.517595632003,0.947587745298326,1.0
4816.789591715617,0.9470258102222264,1.0
4850.293012833477,0.9464600825558482,1.0
4884.029468673994,0.9458905976906311,1.0
4918.000580121847,0.9453173931645871,1.0
4952.207979335857,0.9447405087146871,1.0
4986.65330982741,0.9441599863300496,1.0
5021.3382265394175,0.943575870305931,1.0
5056.2643959258285,0.9429882072985217,1.0
5091.433496031696,0.9423970463805614,1.0
5126.8472165738,0.941802439097772,1.0
5162.50725902183,0.9412044395261163,1.0
5198.41533668013,0.9406031043298894,1.0
5234.573174770024,0.9399984928206464,1.0
5270.982510512695,0.9393906670169763,1.0
5307.645093212655,0.9387796917051225,1.0
5344.562684341794,0.9381656345004625,1.0
5381.7370576240055,0.9375485659098515,1.0
5419.169999120409,0.936928559394833,1.0
5456.86330731516,0.9363056914357302,1.0
5494.818793201863,0.9356800415966194,1.0
5533.038280370578,0.9350516925911976,1.0
5571.523605095437,0.9344207303495501,1.0
5610.27661642287,0.9337872440858253,1.0
5649.299176260439,0.93315132636683,1.0
5688.593159466299,0.9325130731815479,1.0
5728.160453939276,0.9318725840115948,1.0
5768.002960709568,0.9312299619026222,1.0
5808.122594030086,0.9305853135366711,1.0
5848.521281468422,0.9299387493054986,1.0
5889.200963999461,0.9292903833848781,1.0
5930.163596098637,0.9286403338098916,1.0
5971.411145835833,0.9279887225512217,1.0
6012.945594969943,0.92733567559246,1.0
6054.768939044084,0.9266813230084424,1.0
6096.883187481471,0.9260257990446285,1.0
6139.2903636819665,0.9253692421975328,1.0
6181.992505119289,0.9247117952962334,1.0
6224.9916634389065,0.9240536055849643,1.0
6268.289904556614,0.9233948248068136,1.0
6311.889308757783,0.9227356092885409,1.0
6355.791970797316,0.9220761200265356,1.0
6400.000000000288,0.9214165227739328,1.0
6444.515520363291,0.9207569881289013,1.0
6489.34067065648,0.9200976916241344,1.0
6534.477604526333,0.9194388138175518,1.0
6579.928490599124,0.918780540384242,1.0
6625.695512585117,0.9181230622096621,1.0
6671.78086938348,0.9174665754841203,1.0
6718.186775187936,0.9168112817985624,1.0
6764.915459593143,0.9161573882416838,1.0
6811.9691677018145,0.915505107498396,1.0
6859.3501602325905,0.9148546579496635,1.0
6907.060713628651,0.9142062637737433,1.0
6955.103120167091,0.9135601550488469,1.0
7003.479688069056,0.9129165678572505,1.0
7052.192741610634,0.9122757443908783,1.0
7101.244621234536,0.9116379330583807,1.0
7150.637683662539,0.9110033885937383,1.0
7200.374302008714,0.910372372166404,1.0
7250.456865893448,0.9097451514930178,1.0
7300.887781558251,0.9091220009507075,1.0
7351.669471981367,0.9085032016919994,1.0
7402.804376994185,0.907889041761359,1.0
7454.294953398466,0.9072798162133742,1.0
7506.143675084376,0.9066758272326048,1.0
7558.353033149349,0.9060773842550971,1.0
7610.925536017773,0.9054848040915903,1.0
7663.863709561505,0.9048984110524048,1.0
7717.170097221231,0.9043185370740221,1.0
7770.847260128668,0.9037455218473547,1.0
7824.897777229609,0.903179712947691,1.0
7879.324245407838,0.9026214659663089,1.0
7934.1292796098915,0.9020711446437307,1.0
7989.315512970697,0.901529121004591,1.0
8044.885596940085,0.9009957754940846,1.0
8100.842201410178,0.9004714971159389,1.0
8157.188014843668,0.8999566835718591,1.0
8213.92574440298,0.8994517414023696,1.0
8271.058116080349,0.8989570861289674,1.0
8328.587874828776,0.8984731423974909,1.0
8386.51778469393,0.8980003441225768,1.0
8444.850628946931,0.8975391346330783,1.0
8503.589210218086,0.897089966818278,1.0
8562.736350631532,0.8966533032747152,1.0
8622.294891940835,0.8962296164534224,1.0
8682.267695665521,0.8958193888073264,1.0
8742.657643228556,0.8954231129385485,1.0
8803.467636094789,0.8950412917453008,1.0
8864.70059591035,0.8946744385680241,1.0
8926.35946464303,0.8943230773343892,1.0
8988.447204723621,0.8939877427027194,1.0
9050.96679918825,0.8936689802033488,1.0
9113.921251821705,0.8933673463773635,1.0
9177.313587301744,0.893083408912123,1.0
9241.146851344427,0.8928177467728703,1.0
9305.424110850443,0.8925709503296797,1.0
9370.148454052462,0.8923436214788912,1.0
9435.32299066351,0.8921363737580982,1.0
9500.95085202638,0.8919498324536371,1.0
9567.035191264076,0.8917846346994363,1.0
9633.579183431304,0.8916414295659304,1.0
9700.586025667026,0.8915208781376339,1.0
9768.05893734806,0.8914236535777947,1.0
9836.001160243764,0.8913504411784043,1.0
9904.415958671785,0.8913019383936435,1.0
9973.306619654892,0.8912788548546504,1.0
10042.676453078908,0.8912819123632787,1.0
10112.52879185173,0.8913118448622743,1.0
10182.866992063466,0.8913693983790298,1.0
10253.694433147673,0.891455330939801,1.0
10325.014518043732,0.8915704124509333,1.0
10396.830673360335,0.8917154245433178,1.0
10469.146349540122,0.8918911603759082,1.0
10541.965021025464,0.8920984243937078,1.0
10615.290186425385,0.8923380320351878,1.0
10689.125368683664,0.8926108093835985,1.0
10763.474115248087,0.8929175927560701,1.0
10838.339998240894,0.8932592282238274,1.0
10913.726614630397,0.8936365710561605,1.0
10989.637586403804,0.8940504850800877,1.0
11066.076560741234,0.8945018419468607,1.0
11143.047210190953,0.8949915202955966,1.0
11220.553232845818,0.8955204048033902,1.0
11298.598352520956,0.8960893851102231,1.0
11377.186318932678,0.8966993546058797,1.0
11456.320907878631,0.8973512090648441,1.0
11536.005921419217,0.8980458451138303,1.0
11616.245188060253,0.8987841585151407,1.0
11697.042562936926,0.8995670422474643,1.0
11778.401927999004,0.9003953843640168,1.0
11860.327192197356,0.901270065606045,1.0
11942.822291671748,0.9021919567477015,1.0
12025.891189939968,0.9031619156460862,1.0
12109.537878088251,0.904180783967893,1.0
12193.766374963026,0.9052493835615032,1.0
12278.580727364017,0.9063685124406259,1.0
12363.98501023866,0.9075389403425826,1.0
12449.983326877898,0.9087614038211447,1.0
12536.579809113313,0.9100366008303973,1.0
12623.778617515653,0.9113651847524493,1.0
12711.58394159472,0.9127477578179186,1.0
12800.000000000666,0.9141848638639954,1.0
12889.031040726672,0.9156769803705477,1.0
12978.68134131305,0.9172245097101699,1.0
13068.955209052756,0.9188277695433423,1.0
13159.85698119834,0.920486982284959,1.0
13251.391025170326,0.9222022635634696,1.0
13343.561738767054,0.9239736095888136,1.0
13436.373550375967,0.9258008833402684,1.0
13529.830919186381,0.9276837994804067,1.0
13623.938335403725,0.9296219078966628,1.0
13718.700320465277,0.9316145757677257,1.0
13814.1214272574,0.9336609680482527,1.0
13910.20624033428,0.9357600262625437,1.0
14006.95937613821,0.9379104454960093,1.0
14104.385483221367,0.940110649472967,1.0
14202.489242469173,0.9423587636108187,1.0
14301.27536732518,0.94465258594453,1.0
14400.74860401753,0.9469895558221276,1.0
14500.913731786999,0.949366720282275,1.0
14601.775563116606,0.9517806980396871,1.0
14703.338943962837,0.9542276410240633,1.0
14805.608753988476,0.9567031934443341,1.0
14908.589906797039,0.959202448383495,1.0
15012.28735016886,0.9617199019713109,1.0
15116.706066298806,0.9642494052341319,1.0
15221.851072035653,0.9667841137843461,1.0
15327.727419123117,0.9693164355881517,1.0
15434.340194442571,0.9718379771408745,1.0
15541.694520257444,0.9743394884854595,1.0
15649.795554459328,0.9768108076333906,1.0
15758.648490815787,0.979240805089251,1.0
15868.258559219894,0.9816173293411354,1.0
15978.631025941506,0.9839271543593232,1.0
16089.771193880284,0.9861559303443329,1.0
16201.684402820472,0.9882881391810302,1.0
16314.376029687452,0.9903070562847263,1.0
16427.851488806078,0.9921947207634366,1.0
16542.116232160814,0.9939319160608769,1.0
16657.17574965767,0.9954981634781037,1.0
16773.035569387976,0.9968717311861796,1.0
16889.70125789398,0.9980296615229991,1.0
17007.17842043629,0.998947819496777,1.0
17125.47270126318,0.9996009654760251,1.0
17244.58978388179,0.99996285500813,1.0
17364.535391331163,1.000006368551171,1.0
17485.315286457233,0.9997036736012733,1.0
17606.935272189698,0.999026421226698,1.0
17729.401191820823,0.9979459783596775,1.0
17852.718929286184,0.9964336963335988,1.0
17976.894409447366,0.9944612150815892,1.0
18101.93359837663,0.9920008011406188,1.0
18227.84250364354,0.9890257161561212,1.0
18354.627174603622,0.9855106109972063,1.0
18482.29370268899,0.9814319389328225,1.0
18610.84822170102,0.9767683796650549,1.0
18740.296908105058,0.9715012644648924,1.0
18870.645981327158,0.9656149913186426,1.0
19001.9017040529,0.9590974179859244,1.0
19134.07038252829,0.9519402203052846,1.0
19267.15836686275,0.9441392030590289,1.0
19401.172051334193,0.9356945512968212,1.0
19536.117874696265,0.9266110112531356,1.0
19672.002320487674,0.9168979918668708,1.0
19808.831917343716,0.9065695803623497,1.0
19946.613239309932,0.8956444682701131,1.0
20085.352906157965,0.8841457874998814,1.0
20225.057583703612,0.8721008594406222,1.0
20365.733984127084,0.8595408633501461,1.0
20507.3888662955,0.8465004333060446,1.0
20650.029036087617,0.8330171955373364,1.0
20793.661346720823,0.819131259893667,1.0
20938.2926990804,0.8048846804368953,1.0
21083.930042051084,0.7903209006142532,1.0
21230.58037285093,0.7754841982059789,1.0
21378.25073736749,0.7604191442980535,1.0
21526.948230496335,0.7451700890196606,1.0
21676.679996481947,0.7297806848415329,1.0
21827.453229260955,0.7142934560068551,1.0
21979.27517280777,0.6987494203130151,1.0
22132.153121482635,0.6831877671209922,1.0
22286.094420382076,0.6676455932598461,1.0
22441.106465691806,0.6521576965102449,1.0
22597.196705042083,0.6367564246580011,1.0
22754.372637865526,0.6214715767423777,1.0
22912.641815757434,0.6063303520949915,1.0
23072.011842838605,0.5913573420626913,1.0
23232.49037612068,0.5765745589047887,1.0
23394.08512587403,0.5620014962134661,1.0
23556.80385599819,0.5476552152820845,1.0
23720.654384394893,0.5335504520933855,1.0
23885.64458334368,0.5196997399735906,1.0
24051.782379880126,0.5061135434182112,1.0
24219.07575617669,0.4928003991050839,1.0
24387.532749926246,0.4797670606399318,1.0
24557.16145472823,0.4670186441057902,1.0
24727.970020477518,0.4545587719918506,1.0
24899.966653755993,0.442389713547006,1.0
25073.159618226826,0.43051252003033486,1.0
25247.557235031505,0.41892715371045697,1.0
25423.167883189642,0.4076326097966566,1.0
25600.000000001535,0.39662703076760847,1.0
25778.06208145355,0.3859078128008174,1.0
25957.362682626306,0.3754717042009413,1.0
26137.91041810572,0.3653148958820664,1.0
26319.713962396887,0.35543310408211387,1.0
26502.782050340862,0.34582164558130507,1.0
26687.12347753432,0.33647550576523133,1.0
26872.747100752145,0.3273893999205833,1.0
27059.661838372973,0.3185578281816322,1.0
27247.876670807662,0.3099751245613783,1.0
27437.400640930766,0.30163550050575355,1.0
27628.24285451501,0.293533083404879,1.0
27820.412480668776,0.28566195048421894,1.0
28013.918752276633,0.2780161584823179,1.0
28208.77096644295,0.2705897695021402,1.0
28404.97848493856,0.26337687340101273,1.0
28602.550734650573,0.25637160706080264,1.0
28801.497208035278,0.24956817085597593,1.0
29001.827463574216,0.2429608426131893,1.0
29203.551126233433,0.23654398933250426,1.0
29406.6778879259,0.2303120769175301,1.0
29611.217507977177,0.22425967814001244,1.0
29817.179813594303,0.2183814790437703,1.0
30024.574700337947,0.21267228397352936,1.0
30233.412132597845,0.207127019396156,1.0
30443.70214407154,0.201740736665081,1.0
30655.45483824647,0.19650861386328786,1.0
30868.68038888538,0.1914259568461026,1.0
31083.38904051513,0.1864881995920952,1.0
31299.5911089189,0.18169090395863657,1.0
31517.29698163182,0.17702975892796957,1.0
31736.517118440035,0.17250057941998437,1.0
31957.26205188326,0.1680993047391594,1.0
32179.542387760815,0.16382199671526884,1.0
32403.368805641192,0.1596648375903932,1.0
32628.752059375154,0.15562412769843825,1.0
32855.70297761241,0.1516962829776963,1.0
33084.23246432188,0.14787783235192226,1.0
33314.3514993156,0.14416541501087876,1.0
33546.07113877621,0.1405557776172868,1.0
33779.40251578822,0.13704577146354052,1.0
34014.35684087284,0.13363234959837716,1.0
34250.94540252663,0.13031256394087837,1.0
34489.17956776385,0.12708356239669658,1.0
34729.0707826626,0.12394258598919927,1.0
34970.63057291474,0.12088696601629266,1.0
35213.87054437967,0.11791412124197397,1.0
35458.80238364192,0.11502155513016998,1.0
35705.437858572644,0.1122068531270985,1.0
35953.78881889501,0.10946767999724172,1.0
36203.867196753534,0.10680177721701416,1.0
36455.68500728736,0.1042069604293298,1.0
36709.25434920752,0.10168111696151128,1.0
36964.58740537826,0.09922220340832338,1.0
37221.69644340233,0.09682824328134153,1.0
37480.593816210414,0.09449732472537133,1.0
37741.29196265461,0.09222759830221636,1.0
38003.8034081061,0.09001727484172695,1.0
38268.14076505688,0.08786462335975816,1.0
38534.3167337258,0.08576796904240457,1.0
38802.344102668685,0.08372569129566279,1.0
39072.23574939283,0.08173622185949105,1.0
39344.004640975654,0.07979804298508786,1.0
39617.66383468774,0.07790968567408954,1.0
39893.22647862017,0.07606972797829042,1.0
40170.705812316235,0.07427679335841547,1.0
40450.11516740753,0.07252954910041673,1.0
40731.467968254474,0.0708267047877254,1.0
41014.77773259131,0.06916701082786364,1.0
41300.05807217555,0.06754925703180556,1.0
41587.32269344196,0.06597227124447078,1.0
41876.585398161114,0.0644349180247388,1.0
42167.86008410249,0.06293609737338172,1.0
42461.16074570218,0.061474743507330516,1.0
42756.5014747353,0.06004982367871236,1.0
43053.896460993,0.058660337037122465,1.0
43353.35999296423,0.057305313533623364,1.0
43654.906458522244,0.0559838128649982,1.0
43958.55034561588,0.05469492345681777,1.0
44264.306242965606,0.053437761483919884,1.0
44572.18884076449,0.05221146992693528,1.0
44882.212931383954,0.051015217663533605,1.0
45194.393410084514,0.04984819859310415,1.0
45508.7452757314,0.04870963079362196,1.0
45825.28363151522,0.047598755709493255,1.0
46144.02368567757,0.04651483736921128,1.0
46464.98075224172,0.04545716163169336,1.0
46788.170251748415,0.04442503546020896,1.0
47113.60771199674,0.04341778622284658,1.0
47441.30876879015,0.04243476101850395,1.0
47771.289166687726,0.041475326027423806,1.0
48103.564759760615,0.040538865885331926,1.0
48438.15151235375,0.03962478308027054,1.0
48775.065499852855,0.03873249737125227,1.0
49114.32290945682,0.03786144522789497,1.0
49455.94004095541,0.037011079290227754,1.0
49799.93330751236,0.036180867847891075,1.0
50146.31923645402,0.035370294337982756,1.0
50495.11447006338,0.03457885686083194,1.0
50846.335766379656,0.033806067713009626,1.0
51200.00000000345,0.03305145293691326,1.0
51556.12416290748,0.03231455188628733,1.0
51914.725365253,0.03159491680706862,1.0
52275.82083621183,0.03089211243296756,1.0
52639.427924794174,0.030205715595222223,1.0
53005.564100682124,0.02953531484598225,1.0
53374.246955069044,0.028880510094802997,1.0
53745.494201504705,0.02824091225775024,1.0
54119.32367674637,0.027616142918636285,1.0
54495.753341615746,0.02700583400192676,1.0
54874.80128186196,0.026409627456877034,1.0
55256.48570903045,0.02582717495247379,1.0
55640.82496133798,0.025258137582774752,1.0
56027.8375045537,0.024702185582256134,1.0
56417.541932886335,0.024158998050792614,1.0
56809.95696987756,0.023628262687909882,1.0
57205.10146930159,0.023109675535964217,1.0
57602.994416071,0.022602940731917376,1.0
58003.654927148884,0.022107770267388294,1.0
58407.10225246732,0.021623883756675736,1.0
58813.35577585225,0.02115100821245853,1.0
59222.435015954805,0.020688877828891235,1.0
59634.35962718906,0.02023723377182482,1.0
60049.149400676346,0.01979582397589213,1.0
60466.82426519614,0.019364402948208726,1.0
60887.40428814354,0.018942731578449043,1.0
61310.9096764934,0.018530576955067796,1.0
61737.36077777122,0.01812771218744518,1.0
62166.778081030716,0.0177339162337433,1.0
62599.18221783826,0.0173489737342696,1.0
63034.593963264095,0.01697267485015103,1.0
63473.03423688053,0.01660481510713025,1.0
63914.524103766984,0.01624519524430268,1.0
64359.084775522104,0.015893621067619948,1.0
64806.737611282864,0.015549903307992491,1.0
65257.50411875079,0.015213857483829937,1.0
65711.4059552253,0.014885303767864577,1.0
66168.46492864424,0.014564066858109069,1.0
66628.70299863168,0.014249975852804847,1.0
67092.14227755292,0.013942864129223787,1.0
67558.80503157695,0.013642569226190395,1.0
68028.7136817462,0.013348932730197093,1.0
68501.89080505379,0.013061800164989814,1.0
68978.35913552823,0.012781020884505945,1.0
69458.14156532573,0.012506447969050922,1.0
69941.26114583002,0.01223793812460413,1.0
70427.7410887599,0.01197535158514869,1.0
70917.6047672844,0.011718552017923926,1.0
71410.87571714586,0.011467406431502725,1.0
71907.5776377906,0.011221785086599887,1.0
72407.73439350765,0.010981561409520819,1.0
72911.3700145753,0.010746611908163391,1.0
73418.50869841562,0.010516816090488912,1.0
73929.1748107571,0.010292056385381231,1.0
74443.39288680525,0.010072218065815946,1.0
74961.18763242141,0.009857189174264489,1.0
75482.58392530981,0.009646860450260641,1.0
76007.60681621279,0.009441125260059543,1.0
76536.28153011437,0.009239879528321872,1.0
77068.63346745221,0.00904302167175814,1.0
77604.688205338,0.008850452534670556,1.0
78144.47149878628,0.008662075326331942,1.0
78688.00928195193,0.008477795560143414,1.0
79235.32766937611,0.008297520994514614,1.0
79786.45295724098,0.008121161575412216,1.0
80341.41162463311,0.00794862938052429,1.0
80900.2303348157,0.0077798385649900555,1.0
81462.9359365096,0.0076147053086461965,1.0
82029.55546518328,0.007453147764742605,1.0
82600.11614435176,0.0072950860100821704,1.0
83174.6453868846,0.0071404419965405965,1.0
83753.17079632291,0.00698913950392393,1.0
84335.72016820566,0.0068411040941227935,1.0
84922.32149140505,0.0066962630665237865,1.0
85513.0029494713,0.006554545414639783,1.0
86107.7929219867,0.006415881783922275,1.0
86706.71998592916,0.006280204430719986,1.0
87309.8129170452,0.006147447182349306,1.0
87917.10069123247,0.006017545398243241,1.0
88528.61248593192,0.005890435932146553,1.0
89144.37768152969,0.005766057095326063,1.0
89764.42586276862,0.005644348620765837,1.0
90388.78682016974,0.005525251628318289,1.0
91017.49055146353,0.005408708590782858,1.0
91650.56726303117,0.005294663300885125,1.0
92288.04737135587,0.005183060839129924,1.0
92929.96150448418,0.005073847542503037,1.0
93576.34050349757,0.004966970973996608,1.0
94227.21542399422,0.0048623798929346386,1.0
94882.61753758104,0.004760024226075204,1.0
95542.5783333762,0.004659855039467181,1.0
96207.12951952197,0.0045618245110397295,1.0
96876.30302470825,0.004465885903903614,1.0
97550.13099970648,0.0043719935403440215,1.0
98228.64581891442,0.004280102776485214,1.0
98911.88008191159,0.004190169977607967,1.0
99599.8666150255,0.0041021524941013895,1.0
100292.63847290883,0.004016008638031173,1.0
100990.22894012756,0.0039316976603070335,1.0
101692.67153276013,0.003849179728432529,1.0
102400.00000000771,0.0037684159048209922,1.0
103112.24832581577,0.0036893681256618635,1.0
103829.45073050681,0.003611999180322105,1.0
104551.64167242448,0.003536272691267937,1.0
105278.85584958916,0.003462153094492513,1.0
106011.12820136508,0.003389605620435658,1.0
106748.49391013892,0.0033185962753821416,1.0
107490.98840301024,0.00324909182332543,1.0
108238.64735349356,0.0031810597682842326,1.0
108991.50668323234,0.0031144683370595222,1.0
109749.60256372477,0.0030492864624200927,1.0
110512.97141806176,0.0029854837667050963,1.0
111281.64992267684,0.0029230305458323017,1.0
112055.67500910828,0.0028618977537011765,1.0
112835.08386577356,0.002802056986980223,1.0
113619.91393975602,0.002743480470268295,1.0
114410.20293860408,0.002686141041619923,1.0
115205.9888321429,0.002630012138424988,1.0
116007.30985429867,0.0025750677836333443,1.0
116814.20450493554,0.002521282572315268,1.0
117626.71155170542,0.002468631658548891,1.0
118444.87003191054,0.002417090742626028,1.0
119268.71925437906,0.002366636058568007,1.0
120098.29880135364,0.0023172443619434617,1.0
120933.64853039323,0.002268892917980142,1.0
121774.80857628802,0.0022215594899631453,1.0
122621.81935298775,0.0021752223279120947,1.0
123474.7215555434,0.00212986015753007,1.0
124333.5561620624,0.0020854521694172582,1.0
125198.3644356775,0.0020419780085425164,1.0
126069.1879265292,0.0019994177639662014,1.0
126946.06847376206,0.0019577519588078493,1.0
127829.04820753497,0.001916961540452422,1.0
128718.16955104521,0.0018770278709890485,1.0
129613.47522256673,0.001837932717876336,1.0
130515.00823750258,0.0017996582448285075,1.0
131422.8119104516,0.0017621870029167566,1.0
132336.92985728948,0.0017255019218803977,1.0
133257.40599726434,0.0016895863016425144,1.0
134184.28455510683,0.00165442380402496,1.0
135117.6100631549,0.0016199984446577038,1.0
136057.4273634934,0.001586294585077668,1.0
137003.78161010856,0.0015532969250123096,1.0
137956.71827105744,0.0015209904948433424,1.0
138916.28313065245,0.0014893606482461197,1.0
139882.52229166104,0.0014583930550003189,1.0
140855.48217752078,0.0014280736939676843,1.0
141835.2095345698,0.0013983888462326861,1.0
142821.7514342927,0.001369325088402098,1.0
143815.1552755822,0.0013408692860595662,1.0
144815.4687870163,0.0013130085873713658,1.0
145822.74002915158,0.0012857304168396402,1.0
146837.01739683226,0.0012590224691995144,1.0
147858.34962151523,0.0012328727034565706,1.0
148886.7857736115,0.0012072693370612586,1.0
149922.37526484384,0.0011822008402169234,1.0
150965.16785062067,0.001157655930318193,1.0
152015.21363242663,0.001133623566516581,1.0
153072.5630602298,0.001110092944410216,1.0
154137.26693490546,0.0010870534908547112,1.0
155209.37641067704,0.0010644948588922508,1.0
156288.9429975736,0.0010424069227960564,1.0
157376.01856390492,0.0010207797732274533,1.0
158470.65533875328,0.000999603712502854,1.0
159572.905914483,0.0009788692499680181,1.0
160682.8232492673,0.0009585670974770315,1.0
161800.46066963248,0.000938688164973517,1.0
162925.87187302028,0.0009192235561716264,1.0
164059.11093036763,0.00090016456433447,1.0
165200.2322887046,0.0008815026681476471,1.0
166349.29077377028,0.0008632295276856485,1.0
167506.34159264693,0.0008453369804689224,1.0
168671.44033641243,0.0008278170376094741,1.0
169844.64298281123,0.0008106618800429106,1.0
171026.00589894372,0.000793863854844895,1.0
172215.58584397452,0.0007774154716300402,1.0
173413.43997185945,0.0007613093990312951,1.0
174619.62583409154,0.0007455384612579508,1.0
175834.2013824661,0.0007300956347304289,1.0
177057.22497186504,0.0007149740447900555,1.0
178288.7553630606,0.0007001669624820781,1.0
179528.85172553846,0.0006856678014102263,1.0
180777.5736403407,0.0006714701146611425,1.0
182034.9811029283,0.0006575675917970796,1.0
183301.13452606357,0.0006439540559152695,1.0
184576.09474271297,0.0006306234607724332,1.0
185859.9230089696,0.0006175698879729174,1.0
187152.68100699643,0.0006047875442190037,1.0
188454.43084798974,0.0005922707586219456,1.0
189765.2350751634,0.0005800139800723486,1.0
191085.15666675373,0.0005680117746685243,1.0
192414.2590390453,0.0005562588232014914,1.0
193752.60604941787,0.0005447499186953263,1.0
195100.26199941433,0.0005334799640015991,1.0
196457.29163783023,0.0005224439694466584,1.0
197823.76016382457,0.0005116370505305584,1.0
199199.7332300524,0.0005010544256764564,1.0
200000.0,0.0004950336846909307,1.0
